[{"nombre":"Candela","planeta":"2"},{"nombre":"Candela","planeta":"1"},{"nombre":"Florencia","planeta":"2"},{"nombre":"Florencia","planeta":"2"},{"nombre":"Candela","planeta":"1"},{"nombre":null,"planeta":null},{"nombre":null,"planeta":null},{"nombre":null,"planeta":null},{"nombre":null,"planeta":null},{"nombre":null,"planeta":null},{"nombre":null,"planeta":null},{"nombre":null,"planeta":null},{"nombre":null,"planeta":null},{"nombre":null,"planeta":null},{"nombre":null,"planeta":null},{"nombre":null,"planeta":null},{"nombre":null,"planeta":null},{"nombre":null,"planeta":null},{"nombre":null,"planeta":null},{"nombre":null,"planeta":null},{"nombre":null,"planeta":null},{"nombre":null,"planeta":null},{"nombre":null,"planeta":null},{"nombre":null,"planeta":null},{"nombre":null,"planeta":null},{"nombre":null,"planeta":null},{"nombre":null,"planeta":null},{"nombre":null,"planeta":null},{"nombre":null,"planeta":null},{"nombre":null,"planeta":null},{"nombre":null,"planeta":null},{"nombre":null,"planeta":null},{"nombre":null,"planeta":null},{"nombre":null,"planeta":null},{"nombre":null,"planeta":null},{"nombre":null,"planeta":null},{"nombre":null,"planeta":null},{"nombre":null,"planeta":null},{"nombre":null,"planeta":null},{"nombre":null,"planeta":null},{"nombre":null,"planeta":null},{"nombre":null,"planeta":null},{"nombre":null,"planeta":null},{"nombre":null,"planeta":null},{"nombre":null,"planeta":null},{"nombre":null,"planeta":null},{"nombre":null,"planeta":null},{"nombre":null,"planeta":null},{"nombre":null,"planeta":null},{"nombre":null,"planeta":null},{"nombre":null,"planeta":null},{"nombre":null,"planeta":null},{"nombre":null,"planeta":null},{"nombre":null,"planeta":null},{"nombre":null,"planeta":null},{"nombre":null,"planeta":null},{"nombre":null,"planeta":null},{"nombre":null,"planeta":null},{"nombre":null,"planeta":null},{"nombre":null,"planeta":null},{"nombre":null,"planeta":null},{"nombre":null,"planeta":null},{"nombre":null,"planeta":null},{"nombre":null,"planeta":null},{"nombre":"Candela","planeta":"1"},{"nombre":null,"planeta":null},{"nombre":null,"planeta":null},{"nombre":null,"planeta":null},{"nombre":null,"planeta":null},{"nombre":null,"planeta":null},{"nombre":null,"planeta":null},{"nombre":null,"planeta":null},{"nombre":null,"planeta":null},{"nombre":null,"planeta":null},{"nombre":null,"planeta":null},{"nombre":null,"planeta":null},{"nombre":null,"planeta":null},{"nombre":null,"planeta":null},{"nombre":null,"planeta":null},{"nombre":null,"planeta":null},{"nombre":null,"planeta":null},{"nombre":null,"planeta":null},{"nombre":null,"planeta":null},{"nombre":null,"planeta":null},{"nombre":null,"planeta":null},{"nombre":null,"planeta":null},{"nombre":null,"planeta":null},{"nombre":null,"planeta":null},{"nombre":null,"planeta":null},{"nombre":null,"planeta":null},{"nombre":null,"planeta":null},{"nombre":null,"planeta":null},{"nombre":null,"planeta":null},{"nombre":null,"planeta":null},{"nombre":null,"planeta":null},{"nombre":null,"planeta":null},{"nombre":null,"planeta":null},{"nombre":null,"planeta":null},{"nombre":null,"planeta":null},{"nombre":null,"planeta":null},{"nombre":null,"planeta":null},{"nombre":null,"planeta":null},{"nombre":null,"planeta":null},{"nombre":null,"planeta":null},{"nombre":"Candela","planeta":"2"},{"nombre":null,"planeta":null},{"nombre":null,"planeta":null},{"nombre":null,"planeta":null},{"nombre":null,"planeta":null},{"nombre":null,"planeta":null},{"nombre":null,"planeta":null},{"nombre":null,"planeta":null},{"nombre":null,"planeta":null},{"nombre":null,"planeta":null},{"nombre":null,"planeta":null},{"nombre":null,"planeta":null},{"nombre":null,"planeta":null},{"nombre":null,"planeta":null},{"nombre":null,"planeta":null},{"nombre":null,"planeta":null},{"nombre":null,"planeta":null},{"nombre":null,"planeta":null},{"nombre":null,"planeta":null},{"nombre":null,"planeta":null},{"nombre":null,"planeta":null},{"nombre":null,"planeta":null},{"nombre":null,"planeta":null},{"nombre":null,"planeta":null},{"nombre":null,"planeta":null},{"nombre":null,"planeta":null},{"nombre":null,"planeta":null},{"nombre":null,"planeta":null},{"nombre":null,"planeta":null},{"nombre":null,"planeta":null},{"nombre":null,"planeta":null},{"nombre":null,"planeta":null},{"nombre":null,"planeta":null},{"nombre":null,"planeta":null},{"nombre":null,"planeta":null},{"nombre":null,"planeta":null},{"nombre":null,"planeta":null},{"nombre":null,"planeta":null},{"nombre":null,"planeta":null},{"nombre":null,"planeta":null},{"nombre":"Candela","planeta":"1"},{"nombre":"Candela","planeta":"1"},{"nombre":"Candela","planeta":"1"},{"nombre":"Candela","planeta":"1"},{"nombre":"Candela","planeta":"1"},{"nombre":"Candela","planeta":"1"},{"nombre":"Candela","planeta":"1"},{"nombre":"Candela","planeta":"1"},{"nombre":"Candela","planeta":"1"},{"nombre":"Candela","planeta":"1"},{"nombre":"Candela","planeta":"1"},{"nombre":"Julieta","planeta":"2"},{"nombre":"Julieta","planeta":"2"}]